Id,BIRTHDATE,DEATHDATE,SSN,DRIVERS,PASSPORT,PREFIX,FIRST,MIDDLE,LAST,SUFFIX,MAIDEN,MARITAL,RACE,ETHNICITY,GENDER,BIRTHPLACE,ADDRESS,CITY,STATE,COUNTY,FIPS,ZIP,LAT,LON,HEALTHCARE_EXPENSES,HEALTHCARE_COVERAGE,INCOME
39261c51-1b67-5487-8152-f6e4c7d52e2e,1996-03-01,,999-11-2186,S99920031,X52029437X,Mr.,Carmelo33,Dannie881,Klein929,,,M,black,nonhispanic,M,North Andover  Massachusetts  US,1084 Corkery Boulevard,Boston,Massachusetts,Suffolk County,25025,02135,42.34642576283476,-70.98801397072587,4156.85,147579.99,11205
477c7878-0605-dd40-fb53-217f11865873,1988-09-24,,999-86-8910,S99957927,X12972242X,Mr.,Delmer311,Frank378,Hirthe744,,,M,white,nonhispanic,M,Randolph  Massachusetts  US,252 Friesen Heights Suite 20,Somerville,Massachusetts,Middlesex County,25017,02138,42.33287984347738,-71.17614764410354,7160.93,77288.80,19271
aecef2ef-cecd-aa54-0474-e8ec5468d2a8,1978-11-05,,999-60-5257,S99913848,X52449769X,Mr.,Fletcher87,Damion480,Schiller186,,,M,black,nonhispanic,M,Chicopee  Massachusetts  US,972 Aufderhar Avenue,Boston,Massachusetts,Suffolk County,25025,02126,42.227912672092806,-71.10119526088694,99252.74,0.00,104640
d0a14698-3227-b2b2-1fc4-b1616f5e6a8b,1983-03-23,,999-55-4773,S99945129,X40407412X,Mr.,Fermin479,,Krajcik437,,,M,white,nonhispanic,M,Boston  Massachusetts  US,127 Ondricka Hollow Suite 54,Westport,Massachusetts,Bristol County,,00000,41.591458561401275,-71.11515505565045,8099.31,161665.18,2345
b145fd4e-82ab-deb1-4c25-b0b2714aa1d7,2000-02-27,,999-26-5984,S99978592,X82146685X,Mr.,Raymond398,Waldo53,Bernier607,,,,black,nonhispanic,M,Boston  Massachusetts  US,455 Glover Ferry,Dartmouth,Massachusetts,Bristol County,,00000,41.52063961749809,-70.9990728197164,5950.00,79254.65,10930
400d49fd-b271-dc8e-b808-68da0a369d7b,1975-10-19,,999-14-2540,S99961779,X77879539X,Mr.,Dexter530,Derick144,Buckridge80,,,S,white,nonhispanic,M,Quincy  Massachusetts  US,365 Dietrich Key Apt 8,Amherst Center,Massachusetts,Hampshire County,,00000,42.40791587089007,-72.4803419252593,102199.75,6470.40,49971
d01a29f2-6288-3896-55b1-e84dd1183d45,2000-06-14,,999-76-3436,S99992697,X42809220X,Mr.,Raymundo71,Gerry91,Keebler762,,,,white,nonhispanic,M,Wellesley  Massachusetts  US,130 Rogahn Mission,Boston,Massachusetts,Suffolk County,25025,02115,42.35876432622337,-71.07284833658476,4298.05,62453.13,11534
24e108ae-a6f0-af05-3677-f1dd28d751b1,1976-07-12,,999-35-4441,S99989903,X22455296X,Mrs.,Yolande652,David908,Conroy74,,Mosciski958,M,white,nonhispanic,F,Oakham  Massachusetts  US,539 Predovic Bridge,Wellesley,Massachusetts,Norfolk County,25021,02492,42.31304480239213,-71.29010422828112,366795.81,554657.03,125213
fd6e356d-4baf-f36c-6ac4-062f3ffb6d02,1990-11-11,,999-87-4114,S99955213,X6661900X,Mr.,Modesto621,Clement78,Kerluke267,,,M,white,nonhispanic,M,Watertown  Massachusetts  US,830 Boyer Esplanade Unit 14,Worcester,Massachusetts,Worcester County,25027,01583,42.26063270852935,-71.79971627588014,137602.89,447317.37,82019
9d4f7eb0-20f3-76f8-af3d-bd581a730bfe,2000-08-08,,999-94-4113,S99951054,X16529803X,Mr.,Bruce167,Jesus702,Jakubowski832,,,,white,nonhispanic,M,Waltham  Massachusetts  US,520 Crona Skyway,Boston,Massachusetts,Suffolk County,25025,02128,42.3085126313038,-71.05058344085323,3218.00,86002.14,20075
544fbf2a-19c4-14a5-e5f9-59113eb6c9bb,1989-04-13,,999-97-2719,S99933304,X59859721X,Mrs.,Elenora790,Bronwyn77,Renner328,,Lang846,M,white,nonhispanic,F,Andover  Massachusetts  US,1061 Ullrich Parade Apt 38,Medway,Massachusetts,Norfolk County,,00000,42.146688488581844,-71.46919767553129,190576.38,261599.33,132502
4c3d90b2-f295-e306-cb5c-65394fddf8db,1983-06-16,,999-92-5536,S99915860,X33969109X,Ms.,Concetta811,Micheline936,Crooks415,,,S,white,nonhispanic,F,Fall River  Massachusetts  US,362 Connelly Landing Unit 92,Westwood,Massachusetts,Norfolk County,,00000,42.24293084785487,-71.22840436153551,136340.49,818357.61,591986
f0a96a10-a2c8-0208-109f-a16fdc5e549c,2014-02-19,,999-27-2605,,,,Andreas188,Michael441,Medhurst46,,,,black,nonhispanic,M,Millis  Massachusetts  US,521 Walker Vista,Walpole,Massachusetts,Norfolk County,25021,02081,42.10964636230829,-71.27374747390841,49194.68,16909.03,121147
0892abdc-ea39-e2f0-c43d-dd15809714c0,1951-11-30,,999-66-4350,S99924289,X19194418X,Mrs.,Inge747,Anette189,Mayert710,,Rath779,M,asian,nonhispanic,F,New Bedford  Massachusetts  US,569 Keeling Landing Unit 3,Cambridge,Massachusetts,Middlesex County,25017,02142,42.422468148489656,-71.13350971331464,152908.66,1397856.25,62302
1f430033-2fe2-1364-6bd8-6de5b68b66cf,1968-04-13,,999-72-1085,S99927160,X6338854X,Mr.,Rickey821,Carey440,Jakubowski832,,,M,white,nonhispanic,M,New Bedford  Massachusetts  US,567 White Row,Wellesley,Massachusetts,Norfolk County,25021,02482,42.32617141094185,-71.24803357634075,138805.73,50706.82,246702
57f5775d-6eae-a13a-8b5e-25a8c21dc391,1956-07-10,,999-42-3593,S99961907,X50779062X,Mrs.,Kassandra256,Emilee283,Nikolaus26,,McGlynn426,M,white,nonhispanic,F,Holliston  Massachusetts  US,174 Hudson Hollow Apt 78,Lowell,Massachusetts,Middlesex County,25017,01852,42.61294403405147,-71.33053739414659,247577.01,1425480.20,27531
a9827212-4b26-d5bc-49f3-8a60d0f48d68,1973-02-17,,999-56-1957,S99949056,X53057057X,Mr.,Deandre599,,Steuber698,,,M,white,nonhispanic,M,Leominster  Massachusetts  US,392 Herman Run,Holliston,Massachusetts,Middlesex County,,00000,42.17426637557575,-71.4140514272172,188106.07,40244.22,189676
a1f14ef1-ea96-7b69-4a1d-4df8bbcc6dce,1997-12-30,,999-98-3536,S99954028,X6305297X,Mr.,Oswaldo857,Lynn917,O'Reilly797,,,,asian,nonhispanic,M,Barnstable  Massachusetts  US,992 Parker Tunnel,Quincy,Massachusetts,Norfolk County,25021,02186,42.277360418487845,-71.0072803782484,99666.63,62125.28,33851
f81db2fe-49c7-bfb3-fe6e-37678036eac3,1981-03-25,,999-38-9053,S99953015,X38183841X,Mr.,Erin498,Scott935,Stroman228,,,M,white,nonhispanic,M,Millbury  Massachusetts  US,1089 Schoen Dale Unit 27,Boston,Massachusetts,Suffolk County,25025,02114,42.3288106849913,-71.0963196919706,364891.23,313066.20,81206
35b37fd3-17ae-2e5a-95b9-9780d35e265f,1974-08-26,,999-85-6674,S99954794,X82877662X,Mr.,Rubén780,Germán350,Muro989,,,M,white,hispanic,M,Bogota  Bogota  CO,966 Ruecker Alley Apt 15,Newton,Massachusetts,Middlesex County,25017,02467,42.30472450061697,-71.23304500418931,96953.51,96680.69,29089
733dbb90-b1c6-ccf3-9115-4e78178ff625,1959-12-06,,999-23-6957,S99987125,X39863720X,Mrs.,Isabell86,Darci883,Mills423,,Collier206,M,white,nonhispanic,F,Amherst  Massachusetts  US,256 Streich Avenue Apt 99,Pelham,Massachusetts,Hampshire County,,00000,42.323513686815126,-72.39779682986966,25770.63,2144925.25,23168
e7904bd1-291f-6dd4-b22a-a2d81b9be97e,1981-08-29,,999-58-1190,S99914173,X59740982X,Mrs.,Joann92,Micah422,Green467,,Hyatt152,M,white,nonhispanic,F,Northampton  Massachusetts  US,934 Bosco Bridge Suite 80,Southborough,Massachusetts,Worcester County,,00000,42.25177013053146,-71.55462752625111,242758.01,675564.61,306274
5a9688c6-314d-f919-8477-0b255dd392a8,2009-07-04,,999-35-8339,S99979149,,,Boris111,Freddie621,Stiedemann542,,,,white,nonhispanic,M,Amherst  Massachusetts  US,411 Zboncak Bay Suite 47,Shrewsbury,Massachusetts,Worcester County,,00000,42.332076102611815,-71.71443216264623,83741.69,103506.17,44338
91f7d6a6-dfa3-6b6f-7fb6-b2db2a8ab51e,1941-05-24,2003-08-21,999-50-5740,S99916827,X56124596X,Mr.,Raymundo71,Jamie386,Roob72,,,S,white,nonhispanic,M,Brookline  Massachusetts  US,149 Powlowski Trace,Lynn,Massachusetts,Essex County,25009,01901,42.421821082601916,-70.94359808167118,782871.96,1117862.96,44213
67ffc549-b6d1-9035-a946-3221a216910d,1971-09-02,,999-78-9563,S99985457,X71442601X,Mrs.,Leonia336,Laci507,Mueller846,,Huels583,M,white,nonhispanic,F,Middleborough  Massachusetts  US,164 Tremblay Underpass Apt 29,Westford,Massachusetts,Middlesex County,,00000,42.60322129989456,-71.4631155178778,904415.99,251706.56,113801
052a23d2-c6fd-6b9e-a9e2-7237ca819dbc,2004-07-07,,999-73-4190,S99919656,X13765886X,Ms.,Keisha459,,Nicolas769,,,,white,nonhispanic,F,Somerville  Massachusetts  US,259 Treutel Gateway,Malden,Massachusetts,Middlesex County,25017,02155,42.43958193859599,-71.08770234757893,77855.38,142837.79,407792
3ba366e9-60ad-9ce9-1d00-90526044d4d6,1979-06-01,,999-58-6511,S99938845,X88713739X,Mr.,Kerry175,Jules135,Jacobs452,,,W,asian,nonhispanic,M,Cantho  Cần Thơ  VN,806 Ernser Promenade,Pinehurst,Massachusetts,Middlesex County,25017,01866,42.56629722157012,-71.18902099386321,454279.12,329744.70,98896
6872302e-c285-24cd-3a1e-1396a75b7b43,1988-09-26,,999-64-2916,S99968432,X51111792X,Mrs.,Nicola388,,Stroman228,,Koch169,M,white,nonhispanic,F,Boston  Massachusetts  US,362 Turner Fort,Boston,Massachusetts,Suffolk County,25025,02109,42.250913862184234,-71.14973802392382,11989.37,696709.35,4769
eb22b6c6-b83e-1ffc-9c6b-1d3d75dbf2c2,1950-12-15,2006-03-26,999-73-6604,S99990702,X89558665X,Mr.,Josh874,Dorian295,Anderson154,,,S,asian,nonhispanic,M,Delhi  Delhi  IN,1070 Cummings Run,Boston,Massachusetts,Suffolk County,25025,02128,42.30037561194575,-71.0503057379079,197980.43,0.00,51233
5d02d64f-d350-7270-de64-9ef55c7821aa,1996-01-23,,999-56-1353,S99917995,X12295714X,Mrs.,Andera917,Nenita289,Kulas532,,Rogahn59,M,asian,nonhispanic,F,Tewksbury  Massachusetts  US,419 Klein Hollow,Springfield,Massachusetts,Hampden County,25013,01106,42.07260489371152,-72.56947988094757,114347.56,144513.78,33132
17dc1cd2-fc18-8565-2b0c-9a6f626334e0,1988-05-30,,999-73-1702,S99973083,X43757860X,Mr.,Rolf983,Adan632,Ankunding277,,,M,white,nonhispanic,M,Newton  Massachusetts  US,262 Gibson Port Unit 87,Chicopee,Massachusetts,Hampden County,25013,01013,42.18070910462805,-72.56452215036396,9796.03,712361.50,13478
cc5186c1-c41a-ff85-584b-d772232112ca,1959-03-13,,999-43-9431,S99941081,X35544841X,Ms.,Elida479,Lorna458,Stoltenberg489,,,S,white,nonhispanic,F,Newton  Massachusetts  US,681 Oberbrunner Knoll Apt 55,Yarmouth,Massachusetts,Barnstable County,,00000,41.642356105924996,-70.20556784825591,16515.39,747744.48,12952
e502be12-8f1e-1336-34ab-2ac9a32134a5,1941-05-24,2016-06-02,999-26-1732,S99930270,X88315519X,Mr.,Sterling124,,Schowalter414,,,D,white,nonhispanic,M,Middleborough  Massachusetts  US,425 Brown Landing Suite 7,Lynn,Massachusetts,Essex County,25009,01904,42.45308482128503,-70.91699724461006,241360.23,116895.64,44213
228e8aee-ad49-c015-c3da-a4c84f818600,1963-03-03,,999-15-7188,S99962491,X30795509X,Mr.,Buford910,Jamie386,Lowe577,,,M,white,nonhispanic,M,Shirley  Massachusetts  US,617 Luettgen Arcade Apt 89,Greenfield,Massachusetts,Franklin County,25011,01301,42.645871238312466,-72.61619076569966,184499.85,70163.07,132983
2e634992-a174-07b1-b2ef-0b857b64b5c8,1953-03-09,,999-52-1239,S99934410,X78669603X,Mrs.,Christia477,Demetrice140,Turner526,,Schowalter414,M,white,nonhispanic,F,Lancaster  Massachusetts  US,547 Toy Road Suite 68,Barre,Massachusetts,Worcester County,25027,01005,42.452300463879645,-72.07655108837533,803186.10,645475.53,60229
1d4f5d8e-0f1b-4fed-cd78-2d463c6d0802,1997-12-30,,999-37-8989,S99950005,X89275544X,Mr.,Mario764,,Volkman526,,,,asian,nonhispanic,M,Hanoi  Hà Đông  VN,1065 Bayer Ramp Suite 87,West Concord,Massachusetts,Middlesex County,,00000,42.40805718137349,-71.43256662772379,11708.85,732173.82,3737
a85826a3-8836-6949-26c9-d418ee46ede5,2000-09-22,,999-16-6613,S99955234,X89554933X,Ms.,Katerine813,Claribel706,Runolfsdottir785,,,,white,nonhispanic,F,Bolton  Massachusetts  US,920 Hammes Burg,Holden,Massachusetts,Worcester County,,00000,42.31767134374584,-71.88053044801788,139877.12,231484.52,114527
fdf82461-7de4-5c03-c87b-b8197c42ae17,2003-01-20,,999-60-8252,S99983348,X62731586X,Ms.,Wilhelmina724,Markita319,MacGyver246,,,,white,nonhispanic,F,East Pepperell  Massachusetts  US,977 Koepp Club Apt 21,Stoughton,Massachusetts,Norfolk County,,00000,42.10237004306509,-71.08767023819688,115960.43,0.00,67103
08be823f-231b-90d8-cb9b-f30463d8c64b,1964-05-20,,999-97-8724,S99913771,X5474312X,Mr.,Rafael239,Kraig824,Hagenes547,,,M,white,hispanic,M,Tewksbury  Massachusetts  US,306 Gulgowski Road Apt 40,Watertown,Massachusetts,Middlesex County,25017,02472,42.36957923983222,-71.15627185757329,285634.60,538779.70,63247
7aad6a5f-464d-f11b-2a6f-31643e709598,1984-12-24,1990-09-17,999-50-5993,,,,Merrill415,Tory770,Jacobi462,,,,white,nonhispanic,M,Framingham  Massachusetts  US,961 Goyette Extension Suite 99,Marlborough,Massachusetts,Middlesex County,25017,01752,42.39608846831663,-71.56812454267218,1613.93,39802.98,16160
af4405c8-796e-d20d-b1e1-2caf73b6d95c,1975-08-18,,999-88-5571,S99967465,X56413603X,Mr.,Sung603,Seth414,Wiza601,,,M,white,nonhispanic,M,Worcester  Massachusetts  US,450 Abernathy Trace Suite 20,Attleboro,Massachusetts,Bristol County,25005,02703,41.889022736502966,-71.32659245709908,112648.64,1135.43,89113
7f9733c9-b21d-07ef-dca3-391bb2eaafd8,1951-04-15,,999-77-1689,S99934021,X31947719X,Mrs.,Elvera717,Adah626,Friesen796,,Swift555,M,white,nonhispanic,F,Lexington  Massachusetts  US,629 Champlin Port Suite 50,Concord,Massachusetts,Middlesex County,,00000,42.454140005100285,-71.32564875655709,917367.45,299676.69,97720
8b036720-6ec2-f06b-f6df-f797d2b9d5e9,1941-05-24,,999-48-3600,S99938893,X12502144X,Mr.,Avery919,,Cruickshank494,,,M,white,nonhispanic,M,East Pepperell  Massachusetts  US,638 Bahringer Arcade Apt 18,Lynn,Massachusetts,Essex County,25009,01940,42.473695708820436,-70.92825805549332,234926.98,85080.54,44213
fef4af9d-2627-8b65-e562-1c90e0760b29,1987-06-30,,999-83-3424,S99971138,X61602055X,Ms.,Rivka589,Wenona350,Ledner144,,,S,white,nonhispanic,F,Pembroke  Massachusetts  US,198 Denesik Gateway Apt 98,Orange,Massachusetts,Franklin County,25011,01364,42.557442806728524,-72.30028200868941,138621.53,95264.70,140824
0ef3fdd3-f2e0-f219-5a32-ec258065a230,1984-12-24,,999-38-9822,S99957671,X47979441X,Mr.,Fred155,Lonnie913,Jacobs452,,,M,white,nonhispanic,M,Lowell  Massachusetts  US,127 Abshire Glen Unit 67,Marlborough,Massachusetts,Middlesex County,25017,01752,42.36598034207164,-71.55690874522865,6695.86,82306.51,16160
7fa97e8a-2f04-1080-d9e4-6b9e814ffbf2,2008-02-27,,999-89-4025,S99975957,,,Emiko501,Masako522,Bergstrom287,,,,white,nonhispanic,F,Sudbury  Massachusetts  US,522 Huel Flat,Southampton,Massachusetts,Hampshire County,,00000,42.2518701224793,-72.75699784324149,445838.96,330640.01,94907
f690cb09-f890-2956-a586-141254fe8d0e,2003-01-28,,999-58-8706,S99932118,X18240303X,Mr.,Dwayne786,Vincenzo126,Runolfsdottir785,,,,white,nonhispanic,M,Wellesley  Massachusetts  US,807 Heller Grove Suite 40,Ware,Massachusetts,Hampshire County,25015,01082,42.348467972217065,-72.26914756778889,48501.99,11751.66,63871
54fbf44b-c770-e3f2-a069-4560bbd13819,2000-08-06,,999-82-7857,S99951647,X12602083X,Mr.,Nicolas769,,Hayes766,,,,white,nonhispanic,M,West Springfield  Massachusetts  US,437 Kiehn Gardens Suite 63,Bedford,Massachusetts,Middlesex County,25017,01730,42.51091212786544,-71.25478587214843,39572.50,37943.90,125
75ac5e4b-eb36-0352-0ac5-6236f0f5a0d3,2003-02-12,,999-68-7400,S99994061,X25610418X,Mr.,Al123,Derick144,Doyle959,,,,white,nonhispanic,M,Plymouth  Massachusetts  US,152 Pouros Light Unit 23,Middleborough,Massachusetts,Plymouth County,,00000,41.91571638845682,-70.88239383731377,43612.86,10261.83,131485
54e92933-0969-98f9-a372-ea8b367f51a8,1972-03-01,,999-10-8761,S99921815,X5406933X,Mrs.,Maribel82,,Stracke611,,Heaney114,M,black,nonhispanic,F,Chelsea  Massachusetts  US,127 Stamm Grove,Somerville,Massachusetts,Middlesex County,25017,02143,42.34736859650789,-71.10034514268425,18416.29,691775.60,7665
c67ce44b-20c9-a2da-39ab-4eff341f86e1,1978-05-30,,999-31-6236,S99955993,X13053493X,Ms.,Jinny850,Antonietta855,Becker968,,,S,white,nonhispanic,F,Middleborough  Massachusetts  US,307 Blick Mews,Middleton,Massachusetts,Essex County,,00000,42.56552678625942,-70.9687508606286,136055.08,573414.43,872792
b010da07-81ea-aad5-6edb-2da05ec1e0ac,2011-10-16,,999-35-9371,,,,Sharen57,Evelina828,Bartell116,,,,white,nonhispanic,F,Fitchburg  Massachusetts  US,1044 Dietrich Key,Shrewsbury,Massachusetts,Worcester County,,00000,42.31382494759878,-71.75149471600815,27567.02,10944.65,38431
74df0c3d-4cd7-7e8d-d1dc-3bf9316e6481,1995-03-15,,999-85-3929,S99988347,X27563182X,Mrs.,Margeret29,Chelsie189,Doyle959,,Schoen8,M,asian,nonhispanic,F,Beijing  Beijing Municipality  CN,675 Nolan Fort,Andover,Massachusetts,Essex County,25009,01810,42.68643905846455,-71.19270690594415,130245.38,106137.15,64479
07dbc503-ef60-0773-397e-de6657994b52,2018-10-12,,999-50-1971,,,,Martina386,Ardella559,Braun514,,,,white,nonhispanic,F,Dracut  Massachusetts  US,267 Fay Fort,Haverhill,Massachusetts,Essex County,25009,01830,42.74196315069992,-71.12899198032324,15601.34,13889.39,57148
7098f3fe-dd53-cde6-9fb5-680139f28343,1986-01-10,,999-61-4219,S99984246,X3878914X,Mr.,Benedict104,Merle11,Wiza601,,,D,asian,nonhispanic,M,Chicopee  Massachusetts  US,914 Morar Burg Apt 89,Watertown,Massachusetts,Middlesex County,25017,02472,42.394619412097185,-71.21535189988207,29799.82,122424.80,66547
c1a06674-6142-d9ef-03ba-f25b4d8d2246,1961-04-17,,999-15-1186,S99950604,X35080961X,Mr.,Roderick835,Chet188,Metz686,,,S,white,nonhispanic,M,Natick  Massachusetts  US,1094 DuBuque Fort Apt 47,Springfield,Massachusetts,Hampden County,25013,01129,42.03046273094193,-72.52309226836586,136015.49,114328.06,24651
655e93ee-e683-2dad-98a6-7ba6f8b6bed4,1963-03-02,,999-58-1020,S99921984,X60226498X,Mr.,Jay242,Sergio619,Boyer713,,,M,white,nonhispanic,M,Taunton  Massachusetts  US,237 Heller Camp Unit 98,Greenfield,Massachusetts,Franklin County,25011,01301,42.59855809754672,-72.61510947129224,225915.89,23274.30,82735
60d86c62-487c-663f-c668-8f1c7e9ec5bd,2008-02-09,,999-79-6974,S99944280,,,Mildred587,Pennie519,Denesik803,,,,white,nonhispanic,F,Boston  Massachusetts  US,652 Wiza Trafficway Suite 37,Cambridge,Massachusetts,Middlesex County,25017,02141,42.3724728775119,-71.12274660917211,62059.26,3378.91,147732
3f763157-a1a3-1ea6-9b9b-b3d413a9b6be,1952-10-29,,999-92-7262,S99980370,X36992015X,Mr.,Oscar384,Micheal721,Langosh790,,,S,asian,nonhispanic,M,Seoul  Seoul  KR,1048 Wiegand Light Suite 7,Malden,Massachusetts,Middlesex County,25017,02148,42.47502930959471,-71.04404246024627,168462.30,62517.94,109627
107c1137-c101-f846-b742-0fea49045030,1984-12-05,,999-75-9905,S99931232,X31308133X,Mr.,Brendan864,Garfield38,Marvin195,,,S,white,nonhispanic,M,Needham  Massachusetts  US,511 Lueilwitz Trace Suite 0,Windsor,Massachusetts,Berkshire County,,00000,42.56971182920617,-73.04482699087114,124860.76,22851.33,53070
700f0a31-dc9a-7eba-94e9-fc10a828d5cc,1945-08-02,,999-89-9721,S99988639,X46776745X,Mr.,Oscar384,Christoper325,Mante251,,,M,white,nonhispanic,M,Boston  Massachusetts  US,995 Towne Esplanade,Harwich,Massachusetts,Barnstable County,,00000,41.74383265499254,-70.08441666692865,541536.38,380040.87,89720
8f61999d-2cd5-5a8f-b5ba-5aa4498f91d7,1951-07-21,,999-14-3002,S99952352,X34337122X,Mr.,Alberto639,Eduardo902,Alfaro627,,,M,white,hispanic,M,Lima  Lima Province  PE,934 Walsh Rest Apt 88,Springfield,Massachusetts,Hampden County,25013,01151,42.140703391491044,-72.6019274614331,190018.69,126786.48,70823
2de3ba69-c9e6-c462-4f6f-156ed006e9c7,1979-08-03,,999-74-8765,S99992550,X57637173X,Mr.,Alphonso102,Lauren941,Windler79,,,M,white,nonhispanic,M,Boston  Massachusetts  US,736 Wyman Row,Lynnfield,Massachusetts,Essex County,25009,01940,42.53550055577247,-71.010873329325,22323.13,822573.76,129888
04f531e7-f93e-db29-14e9-ce02ce4841c7,1971-10-27,,999-67-3993,S99916369,X28200564X,Mr.,Gavin481,Damien170,Friesen796,,,M,black,nonhispanic,M,Mansfield  Massachusetts  US,804 Schulist Street Unit 20,Chicopee,Massachusetts,Hampden County,25013,01020,42.20460549371725,-72.58794799579292,12533.76,438176.27,13934
1c3aee96-711f-0f22-2eab-a1293992b66a,2004-08-31,,999-69-6612,S99964766,X703131X,Mr.,Woodrow571,Josiah310,Quigley282,,,,white,nonhispanic,M,Boston  Massachusetts  US,406 Gutkowski Light Unit 64,Fitchburg,Massachusetts,Worcester County,25027,01420,42.65137882737781,-71.85399573407135,59887.25,0.00,65771
9f478f05-d7cf-4173-ef3a-6098cbe1600e,1957-07-16,,999-20-7089,S99998082,X61634671X,Mr.,Marvin195,Davis923,Monahan736,,,M,asian,nonhispanic,M,Chongqing  Chongqing Municipality  CN,788 Rutherford Rue Unit 89,Chelsea,Massachusetts,Suffolk County,25017,02149,42.37781329001975,-71.0790351481518,185070.39,256440.44,24047
73be8112-1f18-121d-bb79-30d5bf40a8e0,1999-10-07,,999-91-4092,S99937322,X17175091X,Mr.,Dudley365,,Hahn503,,,,white,nonhispanic,M,New Bedford  Massachusetts  US,767 Smitham Trail Unit 60,Concord,Massachusetts,Middlesex County,,00000,42.51141383905195,-71.34834056168545,85184.00,14746.16,174401
fe4cdf28-6bdc-17e8-91cb-3397315ce995,1952-04-15,,999-27-7032,S99981146,X61432702X,Mrs.,Anastacia583,See995,Bode78,,Hyatt152,M,white,nonhispanic,F,Sharon  Massachusetts  US,518 Koch Park Unit 17,Pembroke,Massachusetts,Plymouth County,,00000,42.10256123395553,-70.76464695190381,526986.66,266033.62,36940
045682fd-ea46-0ed4-a689-75a85b23dc27,2004-02-28,,999-25-9207,S99975404,X3072419X,Ms.,Katy259,Mammie808,Pagac496,,,,white,nonhispanic,F,Merrimac  Massachusetts  US,636 Padberg Way Unit 25,Chatham,Massachusetts,Barnstable County,25001,02633,41.720686216146284,-69.96372267401189,105019.08,558849.58,88108
c82acef9-a416-a19c-6f6e-29e79d66e2f6,2003-06-23,,999-61-2954,S99925523,X43187654X,Ms.,Tish18,Toby274,Luettgen772,,,,white,nonhispanic,F,Boston  Massachusetts  US,1042 Mraz Green Unit 35,Lynn,Massachusetts,Essex County,25009,01902,42.4331454672436,-71.00630889091674,65334.23,120517.29,126617
bcfa7bbc-2643-47ac-bcb6-6815d9e07125,1981-08-25,2010-07-08,999-40-9021,S99946158,X56021272X,Mr.,Giuseppe872,Wiley422,Koelpin146,,,M,white,hispanic,M,Watertown  Massachusetts  US,829 Ondricka Promenade Suite 78,Randolph,Massachusetts,Norfolk County,25021,02368,42.22677192484009,-71.05280123397236,88214.88,34148.46,81502
3d6b5729-6013-5eda-cc24-ad40066c4ef1,1984-03-21,,999-91-5867,S99949603,X1652354X,Mr.,Lazaro919,,Kuphal363,,,M,white,nonhispanic,M,Boston  Massachusetts  US,365 Corwin Divide Suite 0,Newton,Massachusetts,Middlesex County,25017,02472,42.288701567363624,-71.18504168177219,87630.59,16691.44,459234
3f23e8cd-5d4a-dae7-6f8b-e726d5db3c14,1962-08-04,,999-39-3931,S99957197,X75938278X,Mrs.,Gloria696,Marta91,Terrazas956,,Bétancourt447,D,white,hispanic,F,Portsmouth  Saint John Parish  DM,188 Baumbach Gardens Apt 33,Boston,Massachusetts,Suffolk County,25025,02132,42.38621783158231,-71.0236742856965,452284.92,177236.62,100226
04fa677b-444f-52f2-93be-d647bce670c1,2011-05-24,,999-18-1253,,,,Dean966,Elias404,Yundt842,,,,asian,nonhispanic,M,Lexington  Massachusetts  US,444 Swift Road,Springfield,Massachusetts,Hampden County,25013,01103,42.032255670216124,-72.5396067216957,22788.04,25256.16,124957
25c18e08-ca01-cc4e-da68-d47033be1d2c,2012-09-05,,999-91-9076,,,,Matilda472,Cassandra224,Lind531,,,,white,nonhispanic,F,Weston  Massachusetts  US,658 Bogisich Meadow,Huntington,Massachusetts,Hampshire County,25015,01050,42.292722314964536,-72.90388437717696,46519.66,0.00,114227
0584ff74-47d4-2312-7a32-e9d3b60ef9ff,1989-02-22,,999-12-3448,S99965528,X43344389X,Mr.,Rich940,,Hirthe744,,,S,asian,nonhispanic,M,Incheon  Incheon  KR,550 Lynch Meadow,Spencer,Massachusetts,Worcester County,25027,01562,42.26729087815215,-72.02853388334437,53164.10,31794.11,136
de6d54b5-e531-c1a3-43aa-003913cc749e,1981-08-25,,999-52-5538,S99950475,X57005913X,Mr.,Gregorio366,,Green467,,,M,white,hispanic,M,Winchester  Massachusetts  US,165 Eichmann Knoll Unit 55,Randolph,Massachusetts,Norfolk County,25021,02368,42.1417807911938,-71.09355788520827,78940.19,22801.30,81502
766818e6-269d-123a-dbd1-554b7cb32941,1964-04-26,2024-11-07,999-77-9690,S99980203,X25852831X,Mrs.,Jaye603,Harriett813,Stiedemann542,,Abernathy524,M,white,nonhispanic,F,Lexington  Massachusetts  US,816 Hansen Frontage road Unit 88,Forestdale,Massachusetts,Barnstable County,25001,02644,41.676547916853615,-70.47340842771992,37897.56,1037799.91,140264
cacc5e9d-ac30-5ec3-5038-2e21be07523f,1987-07-20,,999-64-8609,S99997858,X26276853X,Mrs.,Rocio28,Norma469,Godínez202,,Feliciano160,M,white,hispanic,F,San Jose  San Jose  CR,853 Stanton Passage Suite 0,Nantucket,Massachusetts,Nantucket County,25019,02554,41.25502979158078,-70.06537346320037,231906.78,451441.85,107561
f6e11d6a-b153-0312-6266-a770ae81d3dc,2007-01-29,,999-16-6055,S99932332,,Ms.,Brett333,Simone657,Rosenbaum794,,,,white,nonhispanic,F,Dartmouth  Massachusetts  US,538 Mueller Key Unit 48,Leominster,Massachusetts,Worcester County,25027,01420,42.504559717583966,-71.74535794652242,5450.00,204655.01,14291
db99f77c-3748-9e63-bcb4-4977ddc036f9,1947-08-24,,999-30-9626,S99985243,X61042702X,Mr.,Buster609,Malcom15,Crooks415,,,D,white,nonhispanic,M,Fall River  Massachusetts  US,603 Zboncak Forge,Webster,Massachusetts,Worcester County,25027,01570,42.045260108448645,-71.86740877062621,19364.81,1019815.22,12488
bb362c44-a37a-9c70-b536-9a3325afe53f,1977-06-19,,999-92-8602,S99945940,X86043644X,Mrs.,Thao506,Marleen824,Abshire638,,Kihn564,M,hawaiian,nonhispanic,F,Amherst Center  Massachusetts  US,333 Rau Well,Wareham,Massachusetts,Plymouth County,,00000,41.78516170063514,-70.72123049009386,19213.91,1752987.19,20038
a74271d3-2147-158f-9e73-b01a8960f964,2021-01-09,,999-95-1069,,,,Jonathon205,Buford910,Leffler128,,,,white,nonhispanic,M,Springfield  Massachusetts  US,689 Waters Trafficway,East Bridgewater,Massachusetts,Plymouth County,,00000,42.04848053287034,-70.89161610946185,13825.19,871.97,95797
fa1fd74b-4910-c6f0-1b48-28b9814cf5fc,1994-09-15,,999-74-4777,S99958826,X10492673X,Ms.,Syble581,,Buckridge80,,,S,black,nonhispanic,F,Wakefield  Massachusetts  US,559 Koss Drive Unit 94,Plymouth,Massachusetts,Plymouth County,25023,02360,41.93826069724435,-70.64219004749692,175757.64,386428.74,159258
a7307164-8d0f-2f57-92c8-94e613ca60ab,1950-12-15,,999-83-6021,S99927513,X78372187X,Mr.,Jc393,Hong136,Fritsch593,,,D,asian,nonhispanic,M,Mumbai  Maharashtra  IN,234 O'Hara Trafficway,Boston,Massachusetts,Suffolk County,25025,02113,42.36849191135337,-71.04067550947718,472589.28,659984.90,51233
bdb6718b-722b-8547-d455-56086e677dce,1964-04-26,,999-98-7129,S99957204,X12839365X,Mrs.,Melony418,Latricia419,Donnelly343,,Jakubowski832,M,white,nonhispanic,F,Winchester  Massachusetts  US,1060 Feest Estate,Forestdale,Massachusetts,Barnstable County,25001,02644,41.7134838858999,-70.51234409934308,324903.04,633038.67,140264
62a13136-ea7e-bf75-398f-ebb200743f89,2005-11-26,,999-86-5482,S99934498,,Mr.,Homero668,Teodoro374,Barrios478,,,,black,hispanic,M,Havana  Havana  CU,880 Bergnaum Mews Unit 14,Mendon,Massachusetts,Worcester County,,00000,42.09630179222535,-71.59028313358986,55753.94,20741.23,30388
dc6a43eb-edd3-c21e-e225-66c1d5e7c7be,2017-04-12,,999-16-7462,,,,Hillary281,Scott935,Kuhic920,,,,asian,nonhispanic,F,Wenham  Massachusetts  US,1098 MacGyver Meadow,Weymouth,Massachusetts,Norfolk County,25021,02188,42.18275499878922,-70.94335674956572,1832.41,24042.21,24798
aa0011e8-a7e4-cfe3-c4cc-14daa9027d46,2017-01-21,,999-55-2008,,,,Dwayne786,Armand155,Lehner980,,,,white,nonhispanic,M,Monson  Massachusetts  US,1038 Graham Mission,Gloucester,Massachusetts,Essex County,25009,01930,42.62107677698638,-70.68856926508307,10571.85,10890.65,33021
85f14ada-1fc0-0fc4-e9a0-e60bef84164c,1986-10-02,,999-54-3575,S99915158,X88272725X,Ms.,Yen770,Jayne73,Terry864,,,S,white,nonhispanic,F,Cochituate  Massachusetts  US,924 Howell Viaduct Unit 30,Andover,Massachusetts,Essex County,25009,01810,42.61596083135303,-71.20782035137853,263697.63,1229743.75,728810
7dcc2e8c-da35-2e18-ce46-496458c3dc09,1953-04-05,,999-26-8650,S99978373,X39657622X,Mr.,Antony83,Weldon459,Heathcote539,,,M,white,nonhispanic,M,Marlborough  Massachusetts  US,137 Connelly Frontage road Suite 61,Athol,Massachusetts,Worcester County,25027,01331,42.598545695773815,-72.22826798440825,15477.89,360080.99,15680
3cb3e155-6f67-9055-e1d7-e5ef6000f1e1,1999-12-26,,999-71-6485,S99935614,X60238392X,Ms.,Lorena247,Mattie544,Herman763,,,,white,nonhispanic,F,Beverly  Massachusetts  US,306 Harber Knoll,Acton,Massachusetts,Middlesex County,,00000,42.4492636765666,-71.4390667594158,135765.83,343027.05,129127
40981c2c-3014-6f8d-ebfe-611ad407607b,1953-08-03,,999-64-3442,S99918312,X12856104X,Mr.,Charles364,Garret233,Rodriguez71,,,S,white,nonhispanic,M,Williamstown  Massachusetts  US,712 Zemlak Fort Suite 59,Millbury,Massachusetts,Worcester County,,00000,42.207163974599595,-71.74989946277731,191625.59,346139.63,83508
795be684-7716-0396-e565-dc8806e224ac,1958-12-18,,999-10-6618,S99935991,X18606370X,Ms.,Verena947,,Zboncak558,,,S,white,nonhispanic,F,Medway  Massachusetts  US,352 Feil Underpass Suite 45,Saugus,Massachusetts,Essex County,25009,01906,42.42519124786823,-71.00538251023582,295801.10,346732.01,198222
f29ee3a5-4b74-f51b-4f3c-564e3f85cd9e,1986-09-15,,999-13-3445,S99994754,X21935121X,Mrs.,Season349,Roselia779,Rohan584,,Marvin195,M,white,nonhispanic,F,Walpole  Massachusetts  US,504 Carter Overpass Apt 39,Westford,Massachusetts,Middlesex County,,00000,42.56589686114445,-71.41693453196055,263544.71,446014.46,111286
98421252-4d32-0988-ed04-2b1b29828c90,1999-08-31,,999-22-4031,S99912152,X83871104X,Ms.,Dannielle300,Marlyn309,Hand679,,,,white,nonhispanic,F,Brockton  Massachusetts  US,1041 Mills Way,Brockton,Massachusetts,Plymouth County,25023,02302,42.11304672593762,-71.08953145369067,173477.52,404927.94,89536
ab811e35-c61f-59f5-51aa-415010258575,2025-11-16,,999-11-9260,,,,Adelina682,,Larkin917,,,,white,nonhispanic,F,Arlington  Massachusetts  US,187 Emard Lodge,Charlton,Massachusetts,Worcester County,,00000,42.126315094967865,-71.98623998551356,1210.18,0.00,867637
3d72f421-18d6-c002-e636-28c1c8ad6a86,2013-03-12,,999-86-2440,,,,Latrisha74,Karren465,Goldner995,,,,white,nonhispanic,F,Lexington  Massachusetts  US,717 Bahringer Trace,Boston,Massachusetts,Suffolk County,25025,02215,42.368214768453434,-71.02955137489865,51504.92,0.00,69627
6db5d40b-d532-1e38-294d-2a23d509e3ed,2021-07-28,,999-77-4900,,,,Jeremiah751,Roman389,Berge125,,,,white,nonhispanic,M,Brookline  Massachusetts  US,164 Christiansen Bypass,Hampden,Massachusetts,Hampden County,,00000,42.06590827655652,-72.46013335819067,6097.65,2158.32,61649
4653f813-b7e0-eb47-99c4-2451438f8113,1997-02-27,,999-51-4220,S99999782,X57787895X,Mr.,Vince741,Daron260,Schimmel440,,,S,white,nonhispanic,M,Boston  Massachusetts  US,153 Murphy Extension,Hudson,Massachusetts,Middlesex County,25017,01749,42.4304321305867,-71.50710244635046,5281.41,62557.93,21862
b007fb78-4f76-7e55-f298-6f41e3639067,2003-10-04,,999-82-5837,S99953529,X18500125X,Ms.,Idella49,Sandee884,Hermann103,,,,white,nonhispanic,F,Natick  Massachusetts  US,817 Nitzsche Estate Apt 50,South Yarmouth,Massachusetts,Barnstable County,25001,02664,41.627423932254985,-70.1549852342606,80722.18,284665.01,66434
3b6c9a63-0f58-327e-d250-a4ab716725f6,1990-11-18,,999-12-3216,S99939097,X20259886X,Mrs.,Alethia102,Joey457,Johnson679,,Maggio310,M,white,nonhispanic,F,Needham  Massachusetts  US,120 Fahey Crossroad Apt 81,Milton,Massachusetts,Norfolk County,25021,02186,42.200046036709274,-71.11872789140472,234165.62,632932.16,729598
a4953a11-e042-9b13-b014-3e810e0452cf,2009-06-06,,999-33-9755,S99953358,,,Emanuel231,Nickolas58,Larson43,,,,white,nonhispanic,M,Gardner  Massachusetts  US,486 Krajcik Trace Suite 31,Falmouth,Massachusetts,Barnstable County,25001,02540,41.60028871602342,-70.63116334134016,3680.58,68273.30,19486
27397c50-8a8a-4452-5cbd-72c9e50d5b23,2001-12-01,,999-64-9113,S99961005,X21634601X,Ms.,María Soledad68,Laura391,Luevano912,,,,white,hispanic,F,Tegucigalpa  Francisco Morazán  HN,699 Marks Mission Suite 93,Salem,Massachusetts,Essex County,25009,01907,42.51998157185443,-70.89419882372282,84106.93,18271.81,66341
1e2b20e3-0de3-51ff-b6bc-8015670accfb,2009-06-26,,999-15-8349,S99952908,,,Loma263,Dannette613,Abshire638,,,,white,nonhispanic,F,Wilmington  Massachusetts  US,261 Walsh Underpass Apt 85,Medfield,Massachusetts,Norfolk County,25021,02052,42.15298830388699,-71.30045863994884,23362.68,20764.21,93101
27025fe8-22ea-27ee-f94f-c802e0c54110,2001-06-05,,999-90-1351,S99955129,X29097116X,Mr.,Jim478,Gregorio366,Collier206,,,,white,nonhispanic,M,Russell  Massachusetts  US,124 Roob Common Suite 88,Revere,Massachusetts,Suffolk County,25025,02151,42.402246177137364,-71.03801057438906,86892.11,565479.21,104201
270c1a85-512f-6635-fd86-2d5f60b139d5,1974-02-13,,999-33-7150,S99949430,X26961682X,Mr.,Darius626,Santiago500,Langosh790,,,M,white,nonhispanic,M,Worcester  Massachusetts  US,296 Kuvalis Rapid Apt 17,Easton,Massachusetts,Bristol County,,00000,42.07273618203523,-71.07891417884522,140223.16,0.00,77396
dfdd853f-04ba-0987-6beb-e78dfa91a2a4,2009-08-08,,999-30-6700,S99994210,,,Tamra871,Ivana95,Pacocha935,,,,white,nonhispanic,F,Easthampton  Massachusetts  US,976 Mayert Glen Apt 27,Boston,Massachusetts,Suffolk County,25025,02121,42.27622159616801,-71.17000054889996,92917.29,74972.13,75159
c1fb92ed-ae48-b03d-5cbe-4fc3ce6700f8,1984-10-15,,999-57-2911,S99990811,X67269165X,Mr.,Omer483,,Eichmann909,,,M,white,nonhispanic,M,Springfield  Massachusetts  US,637 Rutherford Arcade Apt 4,Northampton,Massachusetts,Hampshire County,25015,01063,42.35426130438684,-72.67412648071974,92199.00,1999.61,152766
26d9ec2e-4444-45ff-29d0-ac631e74e100,2009-10-18,,999-61-4662,S99949388,,,Amos720,,McDermott739,,,,asian,nonhispanic,M,Beijing  Beijing Municipality  CN,564 Stark Stravenue Suite 12,Somerville,Massachusetts,Middlesex County,25017,02138,42.41052152423627,-71.09361738173358,3886.80,66786.30,3531
88b95e08-9eeb-86c1-2576-3bc9ecf18f78,1981-02-17,,999-73-4398,S99921035,X42211590X,Mr.,Denis399,Lino542,Welch179,,,M,white,nonhispanic,M,Westport  Massachusetts  US,134 Heidenreich Trace Suite 86,Webster,Massachusetts,Worcester County,25027,01570,42.084066255126366,-71.87659528229553,108473.13,14334.41,114328
a816b5d3-109d-1a6e-0738-20dd1f8d731e,1974-07-03,2005-04-01,999-98-5138,S99955712,X63501845X,Mr.,Bernard308,Al123,Berge125,,,M,white,nonhispanic,M,Agawam  Massachusetts  US,786 Block Station Apt 74,Chelmsford,Massachusetts,Middlesex County,,00000,42.63674296331155,-71.41397250170893,116655.13,0.00,100871
db40ad04-e173-121f-2e93-fc0df5ad170d,1996-09-17,,999-38-7999,S99924942,X23634100X,Mr.,Jordon466,,Goyette777,,,M,white,nonhispanic,M,Fairhaven  Massachusetts  US,637 Heaney Landing Apt 89,Boston,Massachusetts,Suffolk County,25025,02163,42.33508648667795,-71.0872093855596,11150.19,836239.42,7210
aaab8879-b51e-2890-8096-497f9de61ae1,2008-01-13,,999-73-5632,S99933862,,,Stacee229,,Torphy630,,,,white,nonhispanic,F,Wareham  Massachusetts  US,461 Spinka Plaza Apt 25,Huntington,Massachusetts,Hampshire County,25015,01050,42.335417071972934,-72.8768462559776,49920.65,5426.78,35909
3c6e3f01-1160-e55b-4200-d1bb0f998a1b,1953-10-02,,999-60-1603,S99992825,X52880580X,Mrs.,Gertie348,Tammara379,Waters156,,Ortiz186,M,white,nonhispanic,F,Millers Falls  Massachusetts  US,302 Wiza Branch Apt 58,Boston,Massachusetts,Suffolk County,25025,02127,42.34989409193751,-71.02442750659165,319204.59,1229868.33,133386
23f16b1b-5a96-6fae-95e0-5155e80f3fed,1989-08-10,,999-69-7635,S99921200,X6880220X,Mr.,William805,Armand155,Mohr916,,,M,white,nonhispanic,M,Webster  Massachusetts  US,531 Vandervort Vale Apt 82,Adams,Massachusetts,Berkshire County,25003,01220,42.66345495855022,-73.14130767098833,6290.85,101793.19,14016
3f7f9de2-fff4-fc08-1758-51f54e885309,1983-03-25,,999-63-9958,S99923941,X14403653X,Mrs.,Jeanmarie510,Lorraine478,Jerde200,,Bogisich202,M,white,nonhispanic,F,Lakeville  Massachusetts  US,397 Ritchie Parade Apt 2,Brockton,Massachusetts,Plymouth County,25023,02301,42.07834822311199,-71.01157881726176,13254.18,880949.07,17692
2eeaf5c1-4876-53a9-c399-bfc64ad8b40e,1974-07-03,,999-12-7750,S99966567,X88055610X,Mr.,Phil587,Jeremy766,Brakus656,,,M,white,nonhispanic,M,Oak Bluffs  Massachusetts  US,972 Jacobi Mission,Chelmsford,Massachusetts,Middlesex County,,00000,42.57282431913447,-71.33830472599313,111447.59,902.40,100871
b558acf7-807d-a0f5-4c0d-3d082fe25e4c,1982-02-09,,999-60-9763,S99947050,X62497064X,Mr.,Mckinley734,Woodrow571,Farrell962,,,M,white,nonhispanic,M,Easton  Massachusetts  US,508 Thiel Harbor Apt 72,Boston,Massachusetts,Suffolk County,25025,02132,42.341620563978005,-71.09823771241555,92463.87,85501.55,42866
3c02472c-fcbc-afb1-5ace-acda6f589f63,2003-11-11,,999-70-9423,S99973402,X25104887X,Mr.,Malcolm243,,Kertzmann286,,,,white,hispanic,M,Lawrence  Massachusetts  US,398 Wilkinson Gardens,Boston,Massachusetts,Suffolk County,25025,02136,42.34447350939744,-71.0984782492447,129968.61,555121.32,427875
e1e40ae6-2848-a85e-a941-c7a2a9f78207,1972-03-28,,999-53-2636,S99979404,X51102436X,Mrs.,Grisel924,Mina319,Hackett68,,Shanahan202,M,asian,nonhispanic,F,Cheshire  Massachusetts  US,163 Rogahn Rapid Suite 21,Cambridge,Massachusetts,Middlesex County,25017,02138,42.367079880419915,-71.18234558829553,167324.70,729642.63,30195
8b6f7c4f-ad21-54fb-b620-d62dea9eb62b,2018-12-09,,999-15-9713,,,,Chang901,Zachariah133,Wisoky380,,,,white,nonhispanic,M,Westwood  Massachusetts  US,942 Lesch Haven,Agawam,Massachusetts,Hampden County,25013,01030,42.0951358518974,-72.5878809337779,1267.13,24820.84,21227
7f970e72-f14c-4bcd-d1c2-d6956ef32fb6,1971-02-17,,999-46-8250,S99952144,X47660014X,Mrs.,Susie661,Rafaela464,Mueller846,,Schuster709,W,white,nonhispanic,F,Salisbury  Massachusetts  US,1029 Buckridge Run Apt 28,Springfield,Massachusetts,Hampden County,25013,01105,42.16535173038624,-72.59196252098755,989762.94,567788.99,65167
760b37c1-d05d-8366-c9e9-36e777e2fe58,2006-08-07,,999-22-7778,S99965077,,Mr.,Abraham100,Danny396,Effertz744,,,,white,nonhispanic,M,Spencer  Massachusetts  US,644 Farrell Haven Apt 6,East Longmeadow,Massachusetts,Hampden County,,00000,42.072710361261066,-72.50965909867267,67769.71,28216.55,80954
1c00d189-24bd-8b67-8e5e-118179efa640,1969-11-13,,999-50-6905,S99994097,X63758374X,Mrs.,Goldie436,Venita81,Mills423,,Lueilwitz711,M,white,nonhispanic,F,Monson  Massachusetts  US,441 McKenzie Row,Marshfield,Massachusetts,Plymouth County,25023,02050,42.110795192411274,-70.67910928880303,406649.64,823977.52,33452
13cb07cf-e4be-e5ed-390d-64e1f69c1a6d,2010-10-21,,999-55-6989,,,,Katharina121,,Willms744,,,,white,nonhispanic,F,Yarmouth  Massachusetts  US,989 Brown Junction Suite 98,Boston,Massachusetts,Suffolk County,25025,02111,42.38370352816287,-71.10344829001123,18402.19,372456.73,1018
d2a45621-ef96-66bf-9e7c-d7315ae2a8f0,1974-10-07,,999-69-3191,S99946925,X54295324X,Mrs.,Felicidad691,Elsy53,Torp761,,Lubowitz58,M,white,nonhispanic,F,North Attleborough  Massachusetts  US,631 Gottlieb Heights Suite 91,Beverly,Massachusetts,Essex County,25009,01915,42.53922127345596,-70.8773654242782,635140.26,574461.88,70976
9dc66fa7-9a83-4fd0-adb8-36255433d683,1974-06-19,,999-74-5734,S99978248,X80722906X,Mr.,Edgar153,Chris95,Marvin195,,,M,white,nonhispanic,M,Rowley  Massachusetts  US,886 Bruen Center Suite 39,Holyoke,Massachusetts,Hampden County,25013,01040,42.22819987603562,-72.62520982626478,466560.81,258702.70,92798
bfd60bf1-f85f-7f28-d7c0-c3b761d97de3,1961-06-10,,999-29-3191,S99967917,X3938223X,Mr.,Buddy254,Alton320,Satterfield305,,,S,white,nonhispanic,M,Boston  Massachusetts  US,719 Schulist Street Suite 3,Springfield,Massachusetts,Hampden County,25013,01107,42.10189783180455,-72.55529049932294,38337.83,772345.09,14289
ca6988f7-7921-9e1d-27a7-d7d12f237291,1972-03-12,,999-57-7399,S99917429,X53976713X,Mrs.,Jamie386,Trula820,Barton704,,Spencer878,M,white,nonhispanic,F,Cochituate  Massachusetts  US,663 Lakin Bay Unit 24,Fitchburg,Massachusetts,Worcester County,25027,01420,42.55883772654612,-71.80959633452754,23553.77,828543.32,16949
5b0fa500-551f-ce60-f13b-a20067747ed0,1991-10-09,,999-74-7783,S99910668,X38863159X,Mr.,Darren774,Odis959,Friesen796,,,M,white,nonhispanic,M,Malden  Massachusetts  US,274 Labadie Junction,Boston,Massachusetts,Suffolk County,25025,02135,42.3287684987364,-71.09158422162308,102557.11,61160.41,32069
4b82089f-5bbf-d3c7-0a31-2d43b23f979a,1993-10-04,,999-59-7086,S99919660,X31025630X,Mr.,Isaias604,Clarence5,Hodkiewicz467,,,M,white,nonhispanic,M,Medway  Massachusetts  US,787 Wilderman Skyway,Arlington,Massachusetts,Middlesex County,25017,02476,42.40654085137455,-71.15338042265589,149245.06,756399.68,96732
4dfe7272-e22f-3569-1960-7e0bba704fb1,1988-12-14,,999-52-2887,S99958169,X30099002X,Mr.,Sang383,,Padberg411,,,M,white,nonhispanic,M,Lowell  Massachusetts  US,193 Feeney Spur Apt 39,Brockton,Massachusetts,Plymouth County,25023,02351,42.12458621949693,-71.03220017529414,84092.23,11646.82,49101
10e3f7d2-0fa0-cef5-b139-4fe0a5569bb2,1976-12-25,,999-49-6621,S99989778,X88834597X,Mrs.,Pamella8,Filomena215,Langworth352,,Jakubowski832,M,black,nonhispanic,F,Ashland  Massachusetts  US,834 Boyer Ramp,East Bridgewater,Massachusetts,Plymouth County,,00000,42.04922307449467,-70.93440395899182,240319.50,379357.34,142055
fe8043c1-fd36-2d6c-09b8-8551ac5ccbec,2019-07-07,,999-91-5293,,,,Woodrow571,Ron353,Homenick806,,,,white,nonhispanic,M,Larissa  Larissa Prefecture  GR,986 Berge Light,Brockton,Massachusetts,Plymouth County,25023,02301,42.0951239127867,-71.02613681551146,13603.32,238.31,131905
435a42fe-d74e-5675-75f3-d568f76c565a,1995-02-08,,999-38-4747,S99919842,X32697578X,Mrs.,Gabriella773,Joycelyn213,Hansen121,,Hettinger594,M,white,nonhispanic,F,Worcester  Massachusetts  US,790 Ullrich Gate,Tewksbury,Massachusetts,Middlesex County,,00000,42.63246800078438,-71.23695628987488,190246.80,621877.45,147739
ffbb030c-2422-70cf-c95e-167b305cc941,2010-11-26,,999-38-4724,,,,Donnell534,Kareem959,Morar593,,,,white,nonhispanic,M,Raynham  Massachusetts  US,325 Baumbach Gateway Suite 18,Leominster,Massachusetts,Worcester County,25027,01453,42.49259076202422,-71.76774050759265,69064.72,363146.83,41371
f3073d63-deff-9878-8dd2-41069f0990a7,2011-03-07,,999-55-4551,,,,Nellie325,,Collier206,,,,white,nonhispanic,F,Medford  Massachusetts  US,455 Ankunding Loaf Unit 85,Whitman,Massachusetts,Plymouth County,,00000,42.08738716288407,-70.98326079933597,23225.14,32557.46,178771
c0cf2425-1d1a-ef07-b550-5b1b24c632d0,2021-07-31,,999-62-5535,,,,Tinisha932,Evan94,Runolfsson901,,,,white,nonhispanic,F,Brockton  Massachusetts  US,889 Bernhard Esplanade,West Wareham,Massachusetts,Plymouth County,25023,02576,41.730096541074076,-70.78939053304481,875.86,13717.77,11103
c1989028-1610-b0fe-e8c9-5a57e79720ae,1978-12-01,,999-98-2017,S99984999,X86474788X,Mrs.,Leena55,Carmelia328,Miller503,,Nader710,D,white,nonhispanic,F,Newton  Massachusetts  US,212 Ratke Path,Sandwich,Massachusetts,Barnstable County,25001,02563,41.69718368125191,-70.50284180048928,268089.78,412856.69,55149
5f956d4e-8bb5-1462-ebce-00cf4658300e,1955-01-21,,999-72-7275,S99916043,X876643X,Mr.,Newton741,Kory651,Crona259,JD,,D,native,nonhispanic,M,White Island Shores  Massachusetts  US,203 Upton Trace Suite 78,Peabody,Massachusetts,Essex County,25009,01960,42.49880214093818,-70.93370219697155,177957.64,131023.85,32870
4accc61f-93aa-94a6-947d-690735db160b,2003-09-21,,999-97-9861,S99967892,X54588111X,Ms.,Elia719,Emelda84,Cronin387,,,,white,hispanic,F,Cambridge  Massachusetts  US,177 Bogisich Rapid Unit 20,Holyoke,Massachusetts,Hampden County,25013,01040,42.19307771466096,-72.63865025665312,5900.00,193641.71,14784
1334b456-9f07-31b0-deea-730d20ca57c2,2002-07-11,,999-99-4427,S99953373,X22660923X,Ms.,Natalia964,Andrea7,Valenzuela371,,,,white,hispanic,F,Caracas  Capital District  VE,803 Hyatt Light Unit 80,Rockport,Massachusetts,Essex County,25009,01966,42.66077046791377,-70.59833019466797,99376.70,678793.35,117351
67115ae6-c7e9-08c7-c7ea-6ab18db58b1f,1965-05-24,,999-70-4041,S99981315,X3644926X,Mr.,Danial835,Erin498,Erdman779,,,M,white,nonhispanic,M,Quincy  Massachusetts  US,485 Kshlerin Flat Apt 78,Arlington,Massachusetts,Middlesex County,25017,02474,42.39300855996584,-71.13106360338934,149203.54,168732.87,53830
0eeec4e9-b77b-4bf2-484f-37df36e7bfc4,1997-03-22,,999-37-1485,S99917942,X292231X,Mr.,Jc393,Allan198,Volkman526,,,S,white,nonhispanic,M,Lakeville  Massachusetts  US,673 Jacobs Trace,Shrewsbury,Massachusetts,Worcester County,,00000,42.25281177985359,-71.68255906716162,95732.82,0.00,48710
a872bdf0-5636-e5db-07c4-890459687e71,2005-02-01,,999-84-6311,S99915117,X39875776X,Mr.,Norris589,Chester802,Runte676,,,,white,nonhispanic,M,Lexington  Massachusetts  US,515 Friesen Run Suite 91,Newton,Massachusetts,Middlesex County,25017,02460,42.33467791638569,-71.16092973511384,42832.61,25845.29,30431
b9c6ae63-c12b-2de3-c6be-19c7c0f18b94,2010-01-16,,999-39-9079,,,,Geoffrey157,Al123,Schmeler639,,,,white,nonhispanic,M,Palmer  Massachusetts  US,260 Fay Stravenue,Amherst,Massachusetts,Hampshire County,,00000,42.35378586165181,-72.54141054575491,51810.89,4701.41,571573
39c6338f-7d3a-52cc-ebfd-25a7f10e13f6,1961-09-30,,999-60-2221,S99928364,X44212340X,Mr.,Dante562,,Jenkins714,,,W,white,nonhispanic,M,Newbury  Massachusetts  US,771 Wilderman Frontage road Unit 81,Webster,Massachusetts,Worcester County,25027,01570,42.05168752094144,-71.81248304512829,388035.24,0.00,49116
041cad55-41ea-8bff-092a-d9c2bacb1b14,2024-09-19,,999-78-2903,,,,Necole468,Marina546,Rolfson709,,,,white,nonhispanic,F,Amherst  Massachusetts  US,556 Nienow Ferry,Amherst,Massachusetts,Hampshire County,,00000,42.36108310171227,-72.52030739663448,6576.01,0.00,61996
f589b35d-f00f-84ef-5b07-2011874b3fe2,1992-09-18,,999-91-9891,S99983260,X85813893X,Mr.,Nigel915,Lonnie913,Hahn503,,,S,white,nonhispanic,M,Brockton  Massachusetts  US,348 Bashirian Avenue,Boston,Massachusetts,Suffolk County,25025,02127,42.32861072554022,-71.1165889831248,6293.18,80387.42,11170
9650f0ff-1759-98bd-8799-c3ca22e4da29,2014-02-14,,999-45-8524,,,,Jude172,Elenore794,Swaniawski813,,,,black,nonhispanic,F,Barre  Massachusetts  US,441 Jast Lock,Somerville,Massachusetts,Middlesex County,25017,02140,42.34821178339344,-71.10646227053978,44311.83,26845.81,38361
4520e9e3-9d94-b28d-04e8-2e8b5e17c9e1,1959-08-11,1967-03-26,999-15-3212,,,,Adan632,,Feest103,,,,white,nonhispanic,M,Beverly  Massachusetts  US,986 Strosin Neck,Plymouth,Massachusetts,Plymouth County,25023,02360,41.898937926705564,-70.60346761497799,2107.84,10963.79,5477
422285d0-41ec-c753-ce38-504322f7e97b,1999-04-18,,999-37-2330,S99935025,X11093076X,Ms.,Sharri659,Tamisha203,Schuppe920,,,,white,nonhispanic,F,Framingham  Massachusetts  US,921 Ortiz Glen,Auburn,Massachusetts,Worcester County,,00000,42.21224283935853,-71.81527613221809,114168.86,126884.25,126944
1ea33478-9b29-ea76-25a1-37240aae8c58,1941-09-09,,999-86-3901,S99957370,X19462699X,Mrs.,Lan153,Hildred696,Quigley282,,Lesch175,M,white,nonhispanic,F,Dracut  Massachusetts  US,629 Romaguera Ranch,Stoneham,Massachusetts,Middlesex County,25017,02180,42.5026255923781,-71.11300335418721,822020.04,733030.48,57043
89193220-d7bb-b8f5-d3fe-675e29eb41b7,2000-04-03,2003-07-06,999-74-7476,,,,Bernie827,Sherwood961,Erdman779,,,,white,nonhispanic,M,Weymouth  Massachusetts  US,865 Stehr Landing,Lowell,Massachusetts,Middlesex County,25017,01854,42.64510822755511,-71.3387590347169,26011.25,37824.80,118835
6bb6b92c-ea5e-55a3-8b1a-69690e78373e,1980-04-12,,999-57-3393,S99945476,X57350625X,Mr.,Rubén780,Nicolás801,Henríquez109,,,M,black,hispanic,M,Salisbury  Saint Joseph Parish  DM,285 Breitenberg Alley,Boston,Massachusetts,Suffolk County,25025,02210,42.344917458943826,-71.15085247089294,14877.66,213199.85,12032
9db193ce-4466-1e59-63dc-b26e14bab386,1972-04-09,,999-44-6070,S99952118,X87284383X,Mrs.,Ka422,Sherly665,Crist667,,Deckow585,M,white,nonhispanic,F,Boston  Massachusetts  US,388 Pagac Branch Suite 48,Brookline,Massachusetts,Norfolk County,25021,02445,42.36666367345022,-71.1519675461506,861561.91,673040.07,45871
1d032e73-fc86-5466-5bf5-6cfb25602b5f,1991-03-05,,999-71-2282,S99936839,X44432943X,Mrs.,Lucie638,Lea264,Hamill307,,Gaylord332,M,white,nonhispanic,F,Somerville  Massachusetts  US,689 Gutmann Orchard,Chicopee,Massachusetts,Hampden County,25013,01013,42.131018568159405,-72.60148111855804,11968.35,1084519.24,17892
fd242576-3490-c8ee-8af8-1f4ec6af261a,2024-06-21,,999-92-7658,,,,Jude172,Fred155,Witting912,,,,white,nonhispanic,M,Barre  Massachusetts  US,491 Koss Street Apt 87,Lowell,Massachusetts,Middlesex County,25017,01850,42.69458082073857,-71.38989618622769,4591.09,6700.30,59785
5a554e35-25c5-a710-72c1-bf22acc6cd55,2000-04-03,,999-52-8378,S99919195,X11371921X,Mr.,Kasey569,Ricky354,Mitchell808,,,,white,nonhispanic,M,Winchendon  Massachusetts  US,957 Schinner Center Suite 24,Lowell,Massachusetts,Middlesex County,25017,01854,42.600099017174855,-71.36459364800744,128795.05,48221.50,118835
ba7b0e35-659e-1973-35be-3301b1af38be,1980-01-28,,999-10-9846,S99988462,X67651245X,Mrs.,Ernestina649,Fred155,Becker968,,Lebsack687,M,black,nonhispanic,F,Milford  Massachusetts  US,330 Ratke Gateway,Wareham,Massachusetts,Plymouth County,,00000,41.805836533053686,-70.65511214057065,418688.51,618397.05,51102
4327d6b6-93d2-7cad-1a9b-206c40700a9a,1945-11-09,2001-07-31,999-60-7432,S99918026,X43188790X,Mr.,Gayle448,Ted955,Conn188,MD,,M,white,nonhispanic,M,Worcester  Massachusetts  US,855 Mraz Crossing,North Pembroke,Massachusetts,Plymouth County,25023,02358,42.07623635015165,-70.79176928061223,149912.12,152594.61,74207
6583de6b-0dc0-282b-318f-c6abfb2ecc5f,2013-07-04,,999-24-6662,,,,Blanca837,Isabel214,Rivas297,,,,asian,hispanic,F,Mexico City  Mexico City  MX,797 Jacobs Path,Cambridge,Massachusetts,Middlesex County,25017,02141,42.375573649445,-71.10216850058924,30762.91,330.83,520296
983288eb-accf-024b-69b7-82a2561ac470,1985-10-24,,999-78-9444,S99964299,X72057491X,Mr.,Wilbur107,Edmundo94,Bartell116,,,M,white,nonhispanic,M,Brockton  Massachusetts  US,605 Cormier Estate Unit 62,Wareham,Massachusetts,Plymouth County,,00000,41.77523842784588,-70.7348298378579,127578.24,77041.32,138139
dc60225d-cc13-acfd-3726-dee1770268d5,2017-09-22,,999-52-7326,,,,Seymour882,Michale231,Effertz744,,,,white,nonhispanic,M,Natick  Massachusetts  US,773 Kulas Landing,Millis,Massachusetts,Norfolk County,,00000,42.21196239549008,-71.35097604969941,17239.24,5955.12,62492
442a3e49-5594-947c-53f6-5f60f970c456,1970-08-03,2025-06-25,999-18-1629,S99932788,X58191243X,Mr.,Damion480,Burt293,Hessel84,,,D,white,nonhispanic,M,Melrose  Massachusetts  US,520 Koepp Esplanade,Fitchburg,Massachusetts,Worcester County,25027,01420,42.55174553237549,-71.81580629960067,135233.23,95546.04,30074
37bdc2a7-7339-b865-cd3d-21440b4e7de0,2017-01-15,,999-41-2591,,,,Rosenda12,Dorla228,Schinner682,,,,asian,nonhispanic,F,Worcester  Massachusetts  US,1078 Weber Row,Holbrook,Massachusetts,Norfolk County,25021,02343,42.14836982195749,-71.01792860896818,15278.82,16921.93,60681
ced666ec-8f73-7d24-40bd-9c82a027c792,2019-03-01,,999-68-2304,,,,Guadalupe206,Craig656,Hoppe518,,,,white,nonhispanic,M,North Attleborough  Massachusetts  US,116 Bogan Vale,Southwick,Massachusetts,Hampden County,,00000,42.091579136610825,-72.81719787995821,7577.81,4728.80,46698
bc9187f6-5bd8-a502-2180-dc3c377987f5,1979-03-28,,999-73-5273,S99979516,X83155866X,Mrs.,Nancy265,Denae137,Rohan584,,Terry864,M,white,nonhispanic,F,Lancaster  Massachusetts  US,1001 Von Ville,Adams,Massachusetts,Berkshire County,25003,01220,42.60085933727015,-73.07269770980493,193141.31,699644.13,117764
88a1c0be-215a-8669-cc8d-29a333e58aae,1970-08-03,2001-01-27,999-16-2608,S99982630,X64006529X,Mr.,Santos184,Gerry91,Ernser583,,,M,white,nonhispanic,M,Haverhill  Massachusetts  US,435 Gibson Rest,Fitchburg,Massachusetts,Worcester County,25027,01420,42.58576138578171,-71.84185449342351,135540.88,138693.80,30074
996c966a-63a1-d21a-716e-3cb04de30252,1988-03-29,,999-84-2678,S99929540,X69691460X,Mrs.,Gertrude228,,Rogahn59,,Crist667,M,white,nonhispanic,F,Brockton  Massachusetts  US,165 Kreiger Bridge,Boston,Massachusetts,Suffolk County,25025,02210,42.28305325822929,-71.14133056794029,10204.18,648659.99,1749
f66dc659-06ea-63ef-403a-9dcef7f3d40b,1946-02-09,,999-57-3616,S99964171,X62303327X,Mr.,Micah422,,Mitchell808,,,W,white,nonhispanic,M,Springfield  Massachusetts  US,422 Witting Estate,Sharon,Massachusetts,Norfolk County,25021,02067,42.13568759692654,-71.16390221651024,147343.33,59586.28,154093
81c55bb3-05f3-cf39-4f42-f0a117e436cd,2024-04-15,,999-63-5409,,,,Samella245,Karina848,Effertz744,,,,white,nonhispanic,F,Billerica  Massachusetts  US,241 Johnston Skyway,Rehoboth,Massachusetts,Bristol County,,00000,41.87396616559066,-71.28862504889382,5410.79,0.00,124131
e671ea52-0e8d-cd44-66e9-f10f2d9bc885,1959-08-11,,999-42-7712,S99949299,X78017573X,Mr.,Millard193,Eloy929,Wiegand701,MD,,S,white,nonhispanic,M,Rockland  Massachusetts  US,535 Cartwright Rue Suite 33,Plymouth,Massachusetts,Plymouth County,25023,02360,41.874364514178204,-70.62560493079738,18989.46,356109.93,5477
76c1f2b5-263a-f169-ec7e-f0b4c12b0670,1989-03-31,,999-63-9637,S99921298,X79333738X,Mrs.,Vennie613,Marietta439,Gulgowski816,,Towne435,M,asian,nonhispanic,F,Boston  Massachusetts  US,231 Kris Common Apt 96,Cambridge,Massachusetts,Middlesex County,25017,02138,42.32156085514029,-71.15300041183173,206741.26,545121.35,140628
4087ffb4-1b7c-b264-7db2-545516cbf8c2,2020-12-30,,999-20-7406,,,,Forrest301,Charlie254,Kunde533,,,,white,nonhispanic,M,Quincy  Massachusetts  US,274 Zulauf Haven,Shrewsbury,Massachusetts,Worcester County,,00000,42.32566932279677,-71.72196263928582,10603.35,801.03,55250
a0354ad1-6df3-2f57-98df-9bd265605b27,1945-11-09,,999-69-3315,S99948260,X15447659X,Mr.,Micheal721,Barton704,Kris249,PhD,,M,white,nonhispanic,M,Quincy  Massachusetts  US,832 Gerlach Haven,North Pembroke,Massachusetts,Plymouth County,25023,02358,42.0686572344713,-70.77017165092334,639568.09,440811.31,74207
80e884c0-3529-b067-5994-5b33345702c0,2025-08-23,,999-93-4065,,,,Truman805,Deshawn686,Breitenberg711,,,,white,nonhispanic,M,Peabody  Massachusetts  US,740 Waters Light,Natick,Massachusetts,Middlesex County,,00000,42.299152808031884,-71.32077745391143,2123.71,0.00,100426
dec5e963-ee72-67a8-e8ec-5a8928fb1cc1,2025-05-06,,999-16-1603,,,,Sol312,Gerald181,Pollich983,,,,white,nonhispanic,M,Boston  Massachusetts  US,660 Ullrich Orchard Apt 51,Boston,Massachusetts,Suffolk County,25025,02199,42.30921094468104,-71.07006566862498,100.00,2505.26,21796
c73bca4a-b0de-96b9-270c-9354b073ab96,1996-04-28,,999-49-6762,S99989940,X49786610X,Ms.,Shalonda324,Margarett339,Zieme486,,,S,hawaiian,nonhispanic,F,Newton  Massachusetts  US,209 Volkman Gate,South Dennis,Massachusetts,Barnstable County,25001,02660,41.71660945032934,-70.17003384253503,9791.34,332098.18,17239
a22dea8e-6c37-ff1b-5e85-343352462c52,2007-03-26,,999-88-4082,S99915472,,Mr.,Lloyd546,,Hoppe518,,,,white,nonhispanic,M,Wayland  Massachusetts  US,713 Kirlin Park Apt 15,Fall River,Massachusetts,Bristol County,25005,02724,41.67705262840344,-71.09894412160872,136281.53,531524.93,8500
92211ed4-8f8e-abad-e7f3-c4b83c82fedf,1973-06-18,,999-58-6861,S99915147,X50268869X,Ms.,Tosha401,Calista635,Marvin195,,,S,other,hispanic,F,Boston  Massachusetts  US,517 Schulist Station Apt 11,Boston,Massachusetts,Suffolk County,25025,02126,42.33328108511611,-71.04689616242594,13958.41,601006.60,17610
2b101309-27f5-de40-3b86-c71ba6e9d733,1981-03-02,,999-87-1197,S99997087,X44717233X,Mr.,Clifton91,Edwin773,Armstrong51,,,M,white,nonhispanic,M,Millis  Massachusetts  US,984 Miller View Unit 14,Walpole,Massachusetts,Norfolk County,25021,02081,42.189401755214284,-71.23596709941292,80727.29,20747.75,98577
84c14e51-f484-1f5a-6428-9b14af5f7e7f,1959-08-21,,999-90-9272,S99994303,X14052536X,Mr.,Felipe97,Peter292,Turcotte120,,,M,white,nonhispanic,M,Cambridge  Massachusetts  US,971 Howell Grove Apt 92,Boston,Massachusetts,Suffolk County,25025,02134,42.33162962504112,-71.06833320813277,134545.45,77637.95,71807
69b27bcd-a230-1e3b-c9e6-0a32ccb41cc4,1920-12-30,1997-03-01,999-95-2731,S99991698,X21792465X,Mr.,Antione404,Kent912,Gleichner915,,,M,white,nonhispanic,M,Everett  Massachusetts  US,534 Witting Lock,Melrose,Massachusetts,Middlesex County,25017,02176,42.41724480349899,-71.10066280675314,536603.50,2451951.49,49424
8497de96-4239-941d-fbef-0ed30a778438,1972-05-19,,999-40-3096,S99989051,X44257742X,Mr.,Rich940,Chase54,Roberts511,,,W,white,nonhispanic,M,Maynard  Massachusetts  US,1003 Gutkowski Row Suite 67,Norton,Massachusetts,Bristol County,,00000,41.99517395778759,-71.19509028307779,119581.70,0.00,95356
7f90abd1-7f82-a2ae-fda7-d8e4dca9ba84,1987-07-24,,999-16-9821,S99974808,X65796614X,Mr.,Luis923,Jesús825,Bravo546,,,M,white,hispanic,M,Puebla  Puebla  MX,233 Harris Dale Apt 80,Boston,Massachusetts,Suffolk County,25025,02113,42.39079199443172,-71.03103129464704,86309.95,138118.71,130666
455698fd-6ff3-1ce2-e75a-4022904583dd,1978-12-14,,999-40-8744,S99981310,X5493337X,Mrs.,Sybil495,Laurice873,Hickle134,,Douglas31,M,white,nonhispanic,F,Methuen  Massachusetts  US,917 Stroman Rapid,Lexington,Massachusetts,Middlesex County,25017,02421,42.49774812035941,-71.20268780250062,430065.26,945911.94,40031
b0935d7e-7806-bfcb-0016-7b67cf20d1e4,2000-02-12,,999-39-7222,S99917584,X51024713X,Ms.,Tonie631,Maximina916,Sporer811,,,,white,nonhispanic,F,Boston  Massachusetts  US,360 Gerlach Parade,Fall River,Massachusetts,Bristol County,25005,02790,41.76984962403494,-71.16551334650677,6385.64,394036.76,11065
122e025d-a7cc-bf09-c21a-4db2f9ba6f95,1988-03-23,,999-70-7243,S99997198,X2685347X,Mr.,Ezequiel972,Rickey821,Champlin946,,,M,asian,nonhispanic,M,West Springfield  Massachusetts  US,792 Glover Mission Suite 84,Boston,Massachusetts,Suffolk County,25025,02199,42.296645494857906,-71.11204133511613,95746.56,0.00,41698
a181cd15-4a4f-9cc4-5d74-089014549dce,1957-06-29,,999-72-9511,S99985131,X1909887X,Mr.,Dario75,Aaron697,Gottlieb798,,,M,other,nonhispanic,M,Newton  Massachusetts  US,1043 Kihn Meadow Suite 53,Milton,Massachusetts,Norfolk County,25021,02186,42.25570376572022,-71.04992904844521,152676.84,54362.47,137207
0471d0d5-feb1-5a36-35fe-5228271b00c5,1964-09-10,,999-42-4123,S99926052,X34996850X,Mrs.,Marilu588,,Colón139,,Pichardo350,M,white,hispanic,F,La Paz  Baja California  MX,418 Harris Landing,Haverhill,Massachusetts,Essex County,25009,01832,42.767106833927336,-71.09582322090293,850557.54,124232.65,45308
4faeb6fd-7514-de25-9356-15a4249e31e0,1920-12-30,1978-02-06,999-24-4705,S99972058,X81966838X,Mr.,Ezequiel972,,Kub800,,,D,white,nonhispanic,M,Everett  Massachusetts  US,624 Turner Lane Unit 83,Melrose,Massachusetts,Middlesex County,25017,02176,42.48485785438712,-71.07876411542009,161668.75,11446.38,49424
9ff33281-87f9-7ca4-bb58-7e4e3297f8c0,1969-11-14,,999-32-3852,S99950624,X10238119X,Mrs.,Petrina721,Nelly786,Baumbach677,,Donnelly343,M,white,nonhispanic,F,Marshfield  Massachusetts  US,761 Harvey Forge,Holden,Massachusetts,Worcester County,,00000,42.36037277328346,-71.86861072029738,833129.38,695480.80,90149
bd37918b-ab66-8f89-cf60-81ad38f5894a,2004-02-09,,999-85-4771,S99950448,X8716430X,Ms.,Crysta430,Amie520,Larson43,,,,white,nonhispanic,F,Billerica  Massachusetts  US,541 Gleichner Common Apt 24,Northampton,Massachusetts,Hampshire County,25015,01053,42.36003662952554,-72.67286363585019,41619.28,57094.81,83021
4560fbda-04e7-2e74-670c-789692671630,1989-04-06,,999-13-7755,S99989646,X72050837X,Mr.,Rusty501,,Thiel172,,,M,white,nonhispanic,M,Acton  Massachusetts  US,679 Reynolds Lodge Unit 72,Dartmouth,Massachusetts,Bristol County,,00000,41.54217599798396,-70.95021416918202,5440.64,81194.89,1027
8cfddb8b-bda0-832c-ffc8-11580736fbff,1970-08-03,,999-17-3191,S99979569,X49276516X,Mr.,Kraig824,Jefferson174,Turner526,,,M,white,nonhispanic,M,Medford  Massachusetts  US,154 Pfannerstill Mission,Fitchburg,Massachusetts,Worcester County,25027,01420,42.64872896337422,-71.7709576799239,224478.36,2683659.05,30074
67c7f384-e01b-84c2-bdad-aa30910d75b2,2019-01-11,,999-55-2735,,,,Emilio417,Marlin805,Zulauf375,,,,white,nonhispanic,M,Barnstable  Massachusetts  US,841 Greenholt Knoll,Westborough,Massachusetts,Worcester County,25027,01581,42.308250950804585,-71.62415930571181,1145.69,16173.58,21746
e6e0fd4d-12eb-d5c9-dfe0-ff2726539d18,1967-06-25,2006-08-13,999-72-1041,S99990085,X67977264X,Mrs.,Lia388,Sammy219,Schultz619,,Langworth352,M,white,nonhispanic,F,Boston  Massachusetts  US,998 Bartoletti Gateway,Pittsfield,Massachusetts,Berkshire County,25003,01201,42.43283349847626,-73.23912873840398,550158.79,47060.45,70684
e2324c18-92d1-2c41-748a-b373e4eb2f9a,1994-04-30,,999-82-8183,S99995626,X47772452X,Mr.,Ike571,Mitch821,Huel628,,,M,white,nonhispanic,M,Stow  Massachusetts  US,566 Friesen Bridge,Fitchburg,Massachusetts,Worcester County,25027,01420,42.54259477444552,-71.81611823900849,54935.39,22314.38,99176
197c793b-ac33-4d64-b3fa-c4f6efeca3a1,1920-12-30,1984-12-24,999-66-7842,S99960008,X25636404X,Mr.,Santos184,,Gaylord332,,,W,white,nonhispanic,M,Quincy  Massachusetts  US,893 White Forge,Melrose,Massachusetts,Middlesex County,25017,02176,42.48876261276587,-71.10873503307654,542268.88,216335.50,49424
f192634d-52b8-dca3-2633-7874da88c2d9,1961-10-18,2006-08-22,999-56-7453,S99993822,X77027895X,Mrs.,Michal596,Kathlyn335,Parisian75,,Hyatt152,M,black,nonhispanic,F,Fall River  Massachusetts  US,709 Donnelly Street Apt 21,Becket,Massachusetts,Berkshire County,,00000,42.294762317698115,-73.05260061819068,267105.01,1174093.42,32839
f7734d97-a353-c2a9-b216-74b8914fd438,1994-11-24,,999-66-7488,S99945465,X47956272X,Mrs.,Lavinia262,,Bergnaum523,,Kuvalis369,M,white,nonhispanic,F,Watertown  Massachusetts  US,732 Rogahn Lock,Turners Falls,Massachusetts,Franklin County,25011,01376,42.59601862720969,-72.58038332260378,80885.29,879412.70,848788
3fbdf648-619f-d3cd-f747-2cab87ad8582,1967-02-10,,999-68-4518,S99942434,X76590695X,Mrs.,Alishia395,Janell58,Pouros728,,Schowalter414,D,white,nonhispanic,F,Boston  Massachusetts  US,813 Grimes Drive,Pepperell,Massachusetts,Middlesex County,25017,01463,42.67827252384929,-71.62193292833625,386710.10,674362.61,139633
2e465412-09be-46e0-88f4-9be61470d9fe,1994-02-08,,999-16-1825,S99973694,X45838433X,Mr.,Major265,Lloyd546,Blanda868,,,M,white,nonhispanic,M,Taunton  Massachusetts  US,456 Klocko Junction,Shrewsbury,Massachusetts,Worcester County,,00000,42.307869793187955,-71.6875218415385,5483.12,70916.01,14988
1b75fa97-b120-d787-d26e-a88929daf3b6,1967-06-25,,999-59-7179,S99935219,X44109454X,Mrs.,Hiedi833,Tawanna466,Durgan499,,Kilback373,M,white,nonhispanic,F,Brookline  Massachusetts  US,478 Hettinger Trailer Unit 17,Pittsfield,Massachusetts,Berkshire County,25003,01201,42.44716343528549,-73.29711174675172,923809.06,198709.35,70684
46a3390c-24c3-5133-e74c-2c2bf0d3de91,1987-01-27,,999-58-3713,S99963488,X18702147X,Mr.,Olen518,,Bode78,,,M,white,nonhispanic,M,Lawrence  Massachusetts  US,205 Ortiz Annex,Lowell,Massachusetts,Middlesex County,25017,01851,42.6274785081579,-71.33242868681651,16891.69,806261.45,2520
595cf106-d9e5-1475-335e-45be01de2cbd,2009-07-29,,999-11-7402,S99970593,,,Jacinto644,,Howe413,,,,hawaiian,hispanic,M,Lenox  Massachusetts  US,714 Littel Rest Suite 84,Lynnfield,Massachusetts,Essex County,25009,01940,42.51425549511168,-71.03313404879859,45318.39,0.00,180564
d8d50479-8aa4-94d8-c1a9-5ecf9153388b,1986-04-25,,999-79-9456,S99982249,X67961600X,Mr.,Aron520,Edison640,Emard19,,,D,white,nonhispanic,M,Fitchburg  Massachusetts  US,694 Rempel Manor Suite 50,Belmont,Massachusetts,Middlesex County,25017,02472,42.370063181300075,-71.19257155062527,29521.44,583874.68,790604
47843cd4-b1ea-1914-5e84-a9d3f341d444,1920-12-30,1980-08-24,999-55-8300,S99991179,X52819755X,Mr.,Leon728,Hollis7,Rempel203,,,S,white,nonhispanic,M,Hopkinton  Massachusetts  US,509 Lesch Dam Apt 32,Melrose,Massachusetts,Middlesex County,25017,02176,42.44708413416275,-71.07273728332,256365.66,26775.70,49424
02413545-cfbc-b731-f60f-f1a9ff92087d,1986-01-13,,999-12-7702,S99957248,X56956265X,Ms.,Valeri645,,Doyle959,,,S,white,nonhispanic,F,Brockton  Massachusetts  US,753 Donnelly Wall,Agawam,Massachusetts,Hampden County,25013,01001,42.07813180369528,-72.69033428310392,562466.98,111036.22,47854
1b2ed9d2-ecaf-3ac4-3504-da9d2ef08921,2005-03-03,,999-52-5727,S99963928,X9861058X,Ms.,Charlie254,Aja848,O'Kon634,,,,white,nonhispanic,F,Framingham  Massachusetts  US,790 Brekke Mission Apt 12,Pittsfield,Massachusetts,Berkshire County,25003,01201,42.43572453724676,-73.22717710027977,6339.64,321206.36,19117
268eeb1a-812a-5ad0-9e22-4ac13890f99e,1961-10-18,,999-35-4168,S99978159,X80480542X,Mrs.,Desiree125,,Bartell116,,Altenwerth646,W,black,nonhispanic,F,Lexington  Massachusetts  US,377 Hammes Port,Becket,Massachusetts,Berkshire County,,00000,42.260539339187815,-73.05709831550718,335132.20,432853.48,32839
0242797b-c0d3-7182-4e48-ac5a025083c9,1954-08-12,,999-69-4590,S99929296,X49181654X,Mr.,Phil587,Robin66,Koss676,,,D,white,nonhispanic,M,Middleton  Massachusetts  US,786 Legros Junction Apt 39,Northwest Harwich,Massachusetts,Barnstable County,,00000,41.66400963982026,-70.11929706866354,159913.72,38217.03,50035
207f5461-f204-287b-8f22-8772dbe32eb4,1960-09-13,,999-86-4365,S99936264,X15342960X,Mr.,Agustin437,Jamie386,Luettgen772,,,M,white,nonhispanic,M,Franklin  Massachusetts  US,925 McDermott Frontage road Unit 81,Abington,Massachusetts,Plymouth County,25023,02351,42.11240906908051,-70.99797250598593,200702.93,127490.14,115604
0791603d-1e48-b1f0-1302-4b1e2bfb72df,1957-08-31,,999-35-2134,S99983714,X74543448X,Mr.,Theron432,Jamie386,O'Keefe54,,,M,white,nonhispanic,M,Falmouth  Massachusetts  US,858 Walsh Quay Unit 63,Lynn,Massachusetts,Essex County,25009,01907,42.438879232587325,-70.99362293062596,838807.01,320089.00,77803
5889d15d-8263-8396-470a-02d6f78efb19,1978-07-24,,999-81-5085,S99995778,X2847310X,Mrs.,Eveline832,,Waters156,,Murazik203,D,white,nonhispanic,F,Bourne  Massachusetts  US,105 Howell Heights Unit 35,Clinton,Massachusetts,Worcester County,25027,01510,42.395596890739206,-71.64260535209867,293844.93,896199.97,189906
0f89969c-a2ea-cd75-1586-2993725bf754,1920-12-30,1980-02-14,999-82-6363,S99921370,X75623694X,Mr.,Oren284,Javier97,Bauch723,,,M,white,nonhispanic,M,Attleboro  Massachusetts  US,1029 Williamson Key,Melrose,Massachusetts,Middlesex County,25017,02176,42.462484297286395,-71.06440671894003,873996.08,2799308.79,49424
3f25510d-b99f-3a5b-c422-8b8b9be575cb,1920-12-30,1991-04-22,999-68-4725,S99962477,X28672986X,Mr.,Jame231,Bobby524,Braun514,,,M,white,nonhispanic,M,Becket  Massachusetts  US,1065 Simonis Manor Apt 7,Melrose,Massachusetts,Middlesex County,25017,02176,42.417235340328865,-71.01391859054299,322350.14,405622.21,49424
489915fe-4d50-a22a-568e-634b7c623fed,1920-12-30,1966-04-19,999-10-5859,S99941999,X25553048X,Mr.,Emmett200,Darren774,Daniel959,,,M,white,nonhispanic,M,Attleboro  Massachusetts  US,745 Cassin Loaf Apt 91,Melrose,Massachusetts,Middlesex County,25017,02176,42.43182641374331,-71.02084305797088,230573.65,11495.31,49424
513a17e9-183e-418b-2ae7-be0f23a3caef,1920-12-30,2004-07-18,999-45-9598,S99948869,X27653955X,Mr.,Sandy901,Dean966,Aufderhar910,,,S,white,nonhispanic,M,Waltham  Massachusetts  US,295 Hettinger Pathway Suite 58,Melrose,Massachusetts,Middlesex County,25017,02176,42.497301917575605,-71.01272143549737,762079.16,743591.41,49424
394f3123-4778-1124-7b1c-66219a260849,1920-12-30,2014-11-04,999-93-3548,S99914163,X11538264X,Mr.,Quinn173,Gregory545,Hermiston71,,,M,white,nonhispanic,M,Attleboro  Massachusetts  US,493 Mayer Ramp,Melrose,Massachusetts,Middlesex County,25017,02176,42.47047259714932,-71.10622913601813,326663.35,607914.30,49424
4b0f58f6-c337-f3ce-b033-9393f296a60e,1920-12-30,1987-03-13,999-41-5738,S99927931,X77154935X,Mr.,Christopher407,Marcellus830,Frami345,,,M,white,nonhispanic,M,Worcester  Massachusetts  US,177 Pfeffer Brook,Melrose,Massachusetts,Middlesex County,25017,02176,42.43840335973859,-71.01181628750504,229386.92,278355.08,49424
19fbecde-de64-23bd-c45f-68d9ff1a8a49,1920-12-30,,999-14-3193,S99937056,X59080349X,Mr.,Colton403,Normand813,Rodriguez71,,,M,white,nonhispanic,M,Fairhaven  Massachusetts  US,498 Gibson Wall Suite 54,Melrose,Massachusetts,Middlesex County,25017,02176,42.449807475862265,-71.0976171273589,224535.22,259519.62,49424
